date,total_trades,sum_pnl,mean_pnl,median_pnl,pct_profitable,avg_leverage,median_size,sentiment
2023-01-05,3,0.0,0.0,0.0,0.0,0.09193333333333333,0.0824,0
2023-05-12,9,0.0,0.0,0.0,0.0,2.513866666666667,0.58211,
2023-12-14,11,-205.43473700000007,-18.675885181818188,0.0,0.36363636363636365,-132.57430181818182,87.59,1
2023-12-15,2,-24.632033999999997,-12.316016999999999,-12.316016999999999,0.0,-2440.0,1779.0,1
2023-12-16,3,0.0,0.0,0.0,0.0,12124.666666666666,12166.0,1
2023-12-17,14,304.982785,21.78448464285714,0.02676,0.5,10738.717442857143,5812.45,1
2023-12-18,2,0.0,0.0,0.0,0.0,0.004,7.153,1
2023-12-19,15,1000.5386120000001,66.70257413333334,4.502567,0.6666666666666666,27078.30564,12824.0,1
2023-12-20,18,162.732282,9.040682333333333,0.0,0.4444444444444444,20047.266666666666,1042.85,1
2023-12-21,49,537.211402,10.963498000000001,0.032592,0.5306122448979592,121.77714285714285,23.68,1
2023-12-22,10,141.832675,14.1832675,0.0,0.2,251.338681,0.32342,1
2023-12-23,13,146.936704,11.302823384615383,10.836504,0.6153846153846154,30063.046153846153,13339.0,1
2023-12-24,39,1008.619956,25.862050153846155,0.0,0.38461538461538464,22665.121184871794,1804.0,1
2023-12-25,3,-245.081348,-81.69378266666666,0.0,0.0,4.545599999999999,12.7444,1
2023-12-27,28,-704.8892269999999,-25.174615249999995,0.0,0.14285714285714285,38641.607142857145,15126.0,1
2023-12-28,23,-970.730876,-42.20569026086957,-13.250952,0.0,29411.130434782608,11915.0,1
2023-12-29,50,508.92214299999995,10.178442859999999,0.0,0.3,429.0781206,252.375,1
2023-12-30,52,354.998648,6.826897076923077,0.0,0.4423076923076923,6261.575806538462,1.16876,1
2024-01-01,18,-129.53146,-7.196192222222223,0.0,0.05555555555555555,414.7732555555556,8.09151,1
2024-01-02,6,0.0,0.0,0.0,0.0,18562.666666666668,5669.5,1
2024-01-03,137,8244.241409,60.176944591240876,27.04384,0.9343065693430657,375587.74525547447,878.0,1
2024-01-04,77,2507.963406,32.57095332467532,0.54675,0.5454545454545454,448724.6416597403,1060.0,1
2024-01-05,14,0.0,0.0,0.0,0.0,62.32951428571429,1.6883,1
2024-01-06,25,91.510419,3.66041676,0.0,0.36,-47545.904,485.0,1
2024-01-07,64,5065.839308,79.1537391875,0.0,0.40625,218419.2375734375,86.25,1
2024-01-08,57,167.080017,2.9312283684210527,0.0,0.07017543859649122,166376.4956409386,3.937,1
2024-01-09,12,137.433093,11.452757750000002,0.0,0.4166666666666667,-1304.8965716666667,317.70000000000005,1
2024-01-10,4,0.0,0.0,0.0,0.0,1.83578,0.5119549999999999,1
2024-01-11,23,1040.475736,45.238075478260875,0.0,0.2608695652173913,8083.628513478261,1452.0,1
2024-01-12,416,40886.364494,98.28453003365385,0.5600160000000001,0.53125,18184.968293473583,73.035,1
2024-01-15,14,152.85358,10.918112857142857,2.4946450000000002,0.6428571428571429,0.16323428571428572,0.00455,
2024-01-16,9,-2299.171458,-255.4634953333333,0.0,0.3333333333333333,314.06090666666665,92.7,1
2024-01-17,53,813.2741110000001,15.344794547169812,0.0,0.20754716981132076,210.5591488679245,1.04142,1
2024-01-18,46,68.93319,1.4985476086956522,0.0,0.06521739130434782,6.626629130434783,0.0468,1
2024-01-19,48,-385.419235,-8.029567395833334,0.0,0.125,10.849159583333332,0.18580000000000002,
2024-01-20,106,-146.57487000000003,-1.3827817924528305,0.0,0.14150943396226415,-657.2383409433962,1.0266,
2024-01-21,11,266.58114600000005,24.234649636363642,0.0,0.2727272727272727,9814.085519090908,4.0,1
2024-01-22,85,1375.640959,16.18401128235294,0.0,0.27058823529411763,1218.6695727058823,24.5,1
2024-01-23,45,-369.2447299999998,-8.20543844444444,0.0,0.24444444444444444,-1896.9081931111111,16.13,
2024-01-24,68,-2808.353815,-41.29932080882353,0.0,0.14705882352941177,222.05514102941174,1.177375,
2024-01-25,6,-3093.6293849999997,-515.6048975,-481.44219250000003,0.0,432.0683333333333,118.015,
2024-01-26,5,90.2,18.04,0.0,0.2,37553.4,20000.0,
2024-01-28,11,-2478.06972,-225.27906545454545,-68.216526,0.0,703.7363636363635,29.4,
2024-01-29,74,486.562542,6.5751694864864865,0.0479375,0.6081081081081081,6170.038874864865,0.72336,1
2024-01-30,49,-173.65419100000003,-3.5439630816326537,0.0,0.10204081632653061,3.410568775510204,0.05804,1
2024-01-31,859,-799.840817,-0.93113017112922,0.0,0.2689173457508731,15.367925192083819,0.0846,1
2024-02-01,17,783.979116,46.11641858823529,0.0,0.47058823529411764,-46986.74279,3175.0,1
2024-02-02,42,456.423473,10.867225547619048,0.0,0.30952380952380953,3535.838899285714,1.5717,1
2024-02-03,31,230.90060000000005,7.448406451612905,1.3124,0.6774193548387096,-11303.193548387097,460.0,1
2024-02-04,41,883.760812,21.555141756097562,0.0,0.2926829268292683,1.1111463414634146,1.099,1
2024-02-06,93,192.906947,2.074268247311828,0.0,0.3655913978494624,-4765.8387096774195,172.0,1
2024-02-07,18,2421.253116,134.514062,10.35,0.7222222222222222,-2891.23615,58.5,1
2024-02-08,63,782.3681909999999,12.418542714285714,0.0,0.2698412698412698,33155.55129620317,0.687,1
2024-02-09,2,0.0,0.0,0.0,0.0,68.349,6.18285,1
2024-02-10,4,0.0,0.0,0.0,0.0,3.7032475,0.34402499999999997,1
2024-02-11,2,0.0,0.0,0.0,0.0,1.07776,0.29036,1
2024-02-12,270,18489.604313,68.48001597407408,0.0,0.4074074074074074,8389.984791455556,68.745,1
2024-02-13,14,559.44389,39.960277857142856,30.05825,1.0,63481.57142857143,1711.5,1
2024-02-14,111,3830.599833,34.509908405405405,16.74,0.7477477477477478,3200.867743963964,362.0,1
2024-02-15,63,1840.797677,29.219010746031746,13.15072,0.9047619047619048,-2695.6115346031747,155.1,1
2024-02-16,182,5491.768834,30.174554032967034,11.42332,0.8021978021978022,-184028.10488928572,296.0,1
2024-02-17,94,1929.6418,20.52810425531915,4.1904,0.648936170212766,5143.265716489362,338.3,1
2024-02-18,97,477.6248299999999,4.923967319587628,6.59648,0.6288659793814433,26534.926907216497,1179.0,1
2024-02-19,101,4317.768563,42.750183792079206,10.73646,0.7623762376237624,-14584.207916633664,513.9,1
2024-02-20,39,3263.628824,83.68279035897436,13.6526,0.7948717948717948,3768.2641079487184,99.9,1
2024-02-21,22,1858.7985700000002,84.49084409090909,25.544000000000004,0.6818181818181818,14281.386818181818,371.6,1
2024-02-22,88,3894.1050699999996,44.25119397727272,0.0,0.45454545454545453,9167.861366022727,1104.85,1
2024-02-23,143,1418.55293,9.91995055944056,7.189966,0.958041958041958,-8744.50769083916,125.3,1
2024-02-25,5,-30.7705,-6.1541,0.0,0.0,-1652.0,1427.0,1
2024-02-26,39,4416.8473,113.25249487179488,31.028709,0.8717948717948718,-2850.0384615384614,244.4,1
2024-02-27,63,888.511733,14.103360841269842,0.0,0.4126984126984127,-4775.824126984126,540.0,1
2024-02-28,45,2503.747235,55.63882744444444,18.122,0.8666666666666667,1737.6555555555556,31000.0,1
2024-02-29,116,9813.996992,84.60342234482759,29.654400000000003,0.8620689655172413,-98403.48887931035,1687.25,1
2024-03-01,67,866.015507,12.925604582089552,0.0,0.417910447761194,1876.3014791044775,217.1,1
2024-03-02,56,223.30918699999998,3.9876640535714283,0.0,0.10714285714285714,2.58381125,0.11955,1
2024-03-03,79,8361.086245,105.83653474683545,15.04116,0.6835443037974683,-595760.485443038,7453.0,1
2024-03-04,4,126.7884,31.6971,0.0,0.25,392.675,738.0,1
2024-03-05,36,5306.017045,147.3893623611111,0.0,0.4722222222222222,31780.38251111111,4.3891,1
2024-03-06,70,562.808208,8.040117257142859,4.63499,0.6285714285714286,-4759.422857142857,162.6,1
2024-03-07,18,1118.387284,62.132626888888886,0.0,0.2222222222222222,744.9618716666668,5.6843,1
2024-03-08,37,464.1897,12.545667567567568,0.0,0.02702702702702703,58286.87483621623,2.909,1
2024-03-10,9,100.375782,11.152864666666666,0.0,0.3333333333333333,491.7307866666667,136.23,1
2024-03-11,6,0.0,0.0,0.0,0.0,16662.185636666665,0.58726,1
2024-03-12,374,23576.539285,63.03887509358289,0.0,0.4304812834224599,13921.79072131278,50.0,1
2024-03-13,7,0.0,0.0,0.0,0.0,0.18407142857142858,0.0701,1
2024-03-14,18,3465.865832,192.5481017777778,50.144227,0.8888888888888888,60745.62292222222,207.25,1
2024-03-15,62,6236.513651,100.58892985483871,24.1152,0.6612903225806451,-985813.4133193548,616.0,1
2024-03-16,8,228.57984,28.57248,0.0,0.125,-945740.88365,1.5189,1
2024-03-17,23,503.293955,21.882345869565217,0.0,0.43478260869565216,-3.1111521739130437,2.2452,1
2024-03-18,19,1456.9577,76.68198421052631,0.0,0.3157894736842105,1539.3426263157896,1.4075,1
2024-03-19,24,668.797973,27.86658220833333,0.0,0.20833333333333334,-23169.306829166668,150.5,1
2024-03-20,69,6423.134599,93.08890723188406,14.004,0.8695652173913043,-1013.3506434782607,390.0,1
2024-03-21,28,2335.5080749999997,83.41100267857142,27.4342,0.8214285714285714,-18681.274707142857,750.0,1
2024-03-24,19,1297.018477,68.26413036842105,35.104212,0.7894736842105263,-2206.7,289.6,1
2024-03-25,7,1302.916428,186.13091828571427,149.807117,0.8571428571428571,9.606714285714286,1.7377,1
2024-03-26,118,3215.906593,27.253445703389833,18.078525,0.9322033898305084,3757.485044915254,62.8,1
2024-03-27,38,150.41114,3.9581878947368416,0.0,0.3157894736842105,-422.6175821052631,0.43374999999999997,1
2024-03-28,13,227.85100799999998,17.527000615384615,12.233936,0.6923076923076923,-81449.39851538462,10694.0,1
2024-03-29,15,883.097404,58.873160266666666,0.0,0.4,5.153553333333334,0.8468,1
2024-03-30,45,1100.57514,24.45722533333333,10.11075,0.9777777777777777,148829.73333333334,2514.0,1
2024-03-31,13,912.786145,70.21431884615384,16.0695,0.7692307692307693,3.7070307692307694,0.15,1
2024-04-01,5,-67.60364,-13.520728,-0.0786,0.0,17.57154,1.5065,1
2024-04-02,35,47.62389499999999,1.360682714285714,-0.02695,0.2571428571428571,4095.2721137142858,1.4731,1
2024-04-03,300,27799.775742,92.66591914,30.85353,0.8866666666666667,183364.74213396665,16078.0,1
2024-04-04,32,0.0,0.0,0.0,0.0,-31.735753125,0.28500000000000003,1
2024-04-05,9,0.0,0.0,0.0,0.0,-70772.5864,4.8314,1
2024-04-06,53,52.211438,0.9851214716981133,0.0,0.4716981132075472,-317.91698264150943,21.3,1
2024-04-07,25,0.0,0.0,0.0,0.0,297.4258684,6.191,1
2024-04-08,127,-122672.000883,-965.9212667952756,0.0,0.023622047244094488,77198.73645929685,0.8109,1
2024-04-09,34,1065.785132,31.346621529411763,0.0,0.14705882352941177,305434.9363461765,32.0,1
2024-04-10,1,0.0,0.0,0.0,0.0,307.367829,307.367829,1
2024-04-11,36,2799.410474,77.76140205555555,29.134382,0.6388888888888888,18891.41010888889,0.313855,1
2024-04-12,319,292891.815021,918.1561599404388,0.0,0.46394984326018807,151982.25861053224,250.0,1
2024-04-13,89,6621.451755,74.3983343258427,15.90732,0.6853932584269663,273459.01575955056,598.5,1
2024-04-14,107,-36104.012520000004,-337.4206777570094,0.0,0.308411214953271,-519.4308252336449,4.1991,1
2024-04-15,41,3774.08872,92.05094439024391,14.65548,0.8536585365853658,10196.807014634145,704.0,1
2024-04-16,47,2467.702221,52.504302574468085,17.7287,0.9148936170212766,-7531.191489361702,719.0,1
2024-04-17,14,2441.4683999999997,174.39059999999998,48.21955,0.9285714285714286,-6896.0142857142855,227.8,1
2024-04-19,35,1946.4454620000001,55.61272748571429,19.918472,0.7714285714285715,30.44153142857143,1.8783,1
2024-04-20,22,0.0,0.0,0.0,0.0,143378.1218818182,2863.0,1
2024-04-22,9,0.0,0.0,0.0,0.0,-14.874122222222221,1.0844,1
2024-04-23,66,1119.536196,16.962669636363636,0.07805000000000001,0.5303030303030303,-6567.492701515152,0.7585999999999999,1
2024-04-24,20,279.185907,13.95929535,0.0,0.3,5.252865,2.309,1
2024-04-25,74,0.0,0.0,0.0,0.0,428248.9423945946,437.0,1
2024-04-26,3,0.0,0.0,0.0,0.0,417213.3333333333,5431.0,1
2024-04-27,27,4281.488139,158.57363477777778,61.458,0.7037037037037037,16.46514074074074,0.9,1
2024-04-28,58,0.0,0.0,0.0,0.0,269004.65992586204,971.0,1
2024-04-29,45,526.9338359999999,11.709640799999999,0.0,0.37777777777777777,71777.89178444444,1.4002,1
2024-04-30,24,0.0,0.0,0.0,0.0,29.193695833333333,0.665,1
2024-05-01,66,164.141565,2.486993409090909,0.0,0.19696969696969696,-0.13111681818181825,0.415995,
2024-05-02,72,-33.45419400000003,-0.4646415833333337,0.0,0.19444444444444445,551.6511123611111,1.09763,0
2024-05-03,180,19791.026041,109.95014467222222,34.3644515,0.9055555555555556,1070451.832777778,28592.0,
2024-05-04,100,10706.484306,107.06484306,8.978760000000001,0.9,11906.896289999999,238.75,1
2024-05-05,6,0.916,0.15266666666666667,0.0,0.16666666666666666,-20.3235,3.5923,1
2024-05-06,54,56.055506,1.038064925925926,0.0,0.2962962962962963,-253.84012888888887,22.2,1
2024-05-07,32,0.0,0.0,0.0,0.0,1435.01399375,7.4216,1
2024-05-08,80,-13013.665169,-162.6708146125,0.0,0.4125,105213.607632875,3.0,1
2024-05-09,1,0.0,0.0,0.0,0.0,10818.93703,10818.93703,1
2024-05-10,37,5767.161892,155.86924032432432,39.480396,0.6486486486486487,63.44648043243244,0.21828,1
2024-05-11,10,678.4759280000001,67.8475928,10.511846,0.5,1.452014,0.27829,
2024-05-12,456,71574.11848800001,156.96078615789474,0.0,0.4232456140350877,2332.2629164455484,26.02,1
2024-05-13,28,2136.853859,76.31620925,0.0,0.35714285714285715,6088.010335714286,1.65165,1
2024-05-14,23,1150.5233050000002,50.02275239130436,0.0,0.17391304347826086,7.065369565217392,1.2,1
2024-05-15,36,948.970582,26.360293944444447,0.0,0.4722222222222222,5.335538888888888,2.15655,1
2024-05-16,27,214.5898,7.94777037037037,0.0,0.18518518518518517,2751.0223296296294,1.1607,1
2024-05-18,25,3522.3946610000003,140.89578644000002,6.828,0.64,1.303244,1.2916,1
2024-05-19,8,0.0,0.0,0.0,0.0,5.174825,1.0137,1
2024-05-20,10,-74.818442,-7.4818442,0.0,0.0,157.46863,1.8779,1
2024-05-21,125,7289.397571999999,58.31518057599999,0.0,0.112,-2491.2332841599996,2.7,1
2024-05-22,6,0.0,0.0,0.0,0.0,-96.9475,1.8203,1
2024-05-23,325,413.347329,1.2718379353846154,0.0,0.4461538461538462,-267868.0827043077,585.0,1
2024-05-24,2,821.949278,410.974639,410.974639,1.0,8.50055,6.6079,1
2024-05-25,16,14.126038999999999,0.8828774374999999,0.0,0.3125,-1522.19405625,353.8,1
2024-05-26,16,778.6839,48.66774375,0.0,0.25,-10541.44110625,255.95,1
2024-05-27,251,1129.35587,4.499425776892431,0.0,0.35856573705179284,-65844.60769043825,757.4,1
2024-05-29,164,277.791953,1.6938533719512194,0.0,0.4146341463414634,1269.3619323170733,50.4,1
2024-05-30,7,20.951433,2.9930618571428576,1.617104,0.7142857142857143,-79.30111285714285,10.16,1
2024-05-31,13,25.35812,1.9506246153846154,0.0,0.3076923076923077,-6686.707692307692,315.4,1
2024-06-01,22,135.58166400000002,6.16280290909091,0.0,0.45454545454545453,976.6085072727273,35.3842,1
2024-06-02,1088,-215.615907,-0.19817638511029412,0.0,0.1645220588235294,116599.32741643384,0.15884500000000001,1
2024-06-03,82,6814.825139,83.10762364634145,27.00537,0.8780487804878049,97537.59146341463,1193.2,1
2024-06-04,16,236.33513399999998,14.770945874999999,0.0,0.25,-4.198175,0.6787,1
2024-06-05,9,968.59038,107.62115333333333,0.0,0.4444444444444444,-12.474166666666667,4.6768,1
2024-06-06,234,274.173187,1.1716802863247862,0.0,0.42735042735042733,-7051.191252136752,277.1,1
2024-06-07,24,108.87217799999999,4.53634075,0.0,0.2916666666666667,306989.29762125,69420.0,1
2024-06-08,107,267.318048,2.4982995140186914,0.0,0.12149532710280374,56143.665529618695,285.0,1
2024-06-09,42,-1104.856765,-26.306113452380952,-24.855381,0.0,4019.9604233333334,32.0,1
2024-06-10,22,130.487079,5.9312308636363635,0.0,0.22727272727272727,-0.30976,0.10252,1
2024-06-11,15,2817.83723,187.85581533333334,0.0,0.4666666666666667,701.084926,0.14566,1
2024-06-12,403,-92624.643895,-229.83782604218362,0.0,0.23325062034739455,7551.158018925931,19.27,1
2024-06-13,79,6632.757115,83.95895082278481,0.0,0.24050632911392406,-845.4524734177215,8.0,1
2024-06-14,31,10258.592609,330.9223422258064,0.0,0.4838709677419355,-3052.7559,4.8,1
2024-06-15,78,3369.958346,43.20459417948718,0.0,0.48717948717948717,-3299.4887974358976,5.0,1
2024-06-16,11,0.0,0.0,0.0,0.0,-22337.80909090909,471.1,1
2024-06-17,38,10599.502375,278.9342730263158,144.121501,0.6578947368421053,-7040.169110526315,222.2,1
2024-06-18,25,282.57636,11.3030544,0.0,0.16,234.11782,2.25,1
2024-06-19,61,4887.656944,80.12552367213115,0.399945,0.5081967213114754,1729.6296770491804,8.0,1
2024-06-20,39,57478.456026,1473.8065647692308,0.0,0.20512820512820512,6448.506517948718,8.0,1
2024-06-21,80,773.5582039999999,9.66947755,0.0,0.0375,474.84281875,10.0,1
2024-06-22,24,756.876565,31.536523541666668,0.0,0.3333333333333333,2101.2170666666666,8.75,
2024-06-23,5,0.0,0.0,0.0,0.0,3779.0,121.0,1
2024-06-24,31,0.0,0.0,0.0,0.0,688.4350967741935,3.0421,
2024-06-25,49,4869.353105,99.3745531632653,0.0,0.22448979591836735,-3396.4265306122447,151.5,0
2024-06-26,72,4197.732182,58.30183586111111,0.0,0.2916666666666667,1475.9337152777778,4.0,
2024-06-27,30,0.0,0.0,0.0,0.0,-2151.4904133333334,5.0,0
2024-06-29,75,6150.326145,82.0043486,0.0,0.32,58536.75339466666,17.0,0
2024-06-30,14,0.0,0.0,0.0,0.0,292551.4028,386.5,
2024-07-01,97,-835.681235,-8.615270463917525,0.0,0.09278350515463918,4503.752768350516,22.6302,
2024-07-02,15,241.24212,16.082808,0.0,0.13333333333333333,14779.04,107.5,
2024-07-04,23,0.0,0.0,0.0,0.0,-21.564239130434782,0.2,0
2024-07-05,18,883.537693,49.08542738888889,9.50184,0.5,-3555.150633333335,5.9535,0
2024-07-06,440,8902.467416,20.23288049090909,0.0,0.4,-5529.765854295454,338.05,0
2024-07-07,10,61.428942,6.1428942,4.9143155,1.0,2385.08597,10.0,0
2024-07-08,33,188.789255,5.720886515151515,0.0,0.30303030303030304,59895.80629000363,12.0,0
2024-07-10,21,0.0,0.0,0.0,0.0,-4.82207619047619,0.05292,0
2024-07-11,113,4493.353136,39.764187044247784,3.894186,0.5309734513274337,167375.9950541629,98.0,0
2024-07-12,304,85906.279067,282.5864442993421,0.0,0.4309210526315789,-47071.11105384875,61.9,0
2024-07-13,17,2913.617837,171.38928452941175,105.890838,1.0,405.4312223529412,3.6743,0
2024-07-14,7,0.0,0.0,0.0,0.0,-9.317742857142857,3.7661,0
2024-07-15,26,-1.0,-0.038461538461538464,0.0,0.0,-46.751215384615385,2.3444,
2024-07-16,22,0.0,0.0,0.0,0.0,-95.67333636363637,1.4523000000000001,1
2024-07-17,351,1859.269477,5.297064037037037,0.0,0.4131054131054131,-26382.624798005698,315.0,1
2024-07-18,60,3803.884311,63.398071849999994,19.3456475,0.8,-718.8119416666667,3.38515,1
2024-07-19,23,2155.891114,93.73439626086956,12.29371,0.5217391304347826,-895.4349413043477,2.4155,1
2024-07-20,266,2299.169566,8.643494609022557,0.0,0.12406015037593984,-7701.568093984962,82.8,1
2024-07-21,448,-2960.716887,-6.608743051339286,0.0,0.046875,-21268.516991964283,71.45,1
2024-07-22,154,1517.119876,9.851427766233765,-1.8459855,0.14285714285714285,-17065.60236948052,101.25,1
2024-07-23,370,89890.302206,242.9467627189189,38.355177,0.8891891891891892,31888.89354702703,99.55,1
2024-07-24,90,625.561479,6.9506831,0.0,0.2,13048.44156016389,226.1835733,1
2024-07-25,78,916.7382600000001,11.753054615384617,0.0,0.1282051282051282,32956.52669205128,2.37085,1
2024-07-26,152,2766.513113,18.200744164473683,0.0,0.40131578947368424,315.74097103289455,205.9,1
2024-07-27,57,6400.623656,112.2916430877193,41.72143,0.7368421052631579,-132.1717784210526,4.5917,1
2024-07-28,16,587.29903,36.706189375,36.338475,0.75,-1693.4746125,259.45,1
2024-07-29,39,330.80445399999996,8.482165487179486,0.0,0.41025641025641024,-712.0488197435898,0.15198,1
2024-07-30,6,0.0,0.0,0.0,0.0,49.64471666666666,1.98505,1
2024-07-31,43,765.690884,17.806764744186047,0.0,0.32558139534883723,-8173.890776744187,472.9,1
2024-08-01,128,-269.874439,-2.1083940546875,0.0,0.25,2533.4020265625,1.11188,
2024-08-02,10,770.756024,77.07560240000001,0.0,0.4,562304.5599999999,317.55,1
2024-08-03,67,4271.886236,63.7594960597015,12.4432,0.8805970149253731,52491.09402985074,207.0,0
2024-08-04,30,1218.4267,40.614223333333335,0.0,0.03333333333333333,-240.4416,0.7341,0
2024-08-05,13,1.56576,0.12044307692307693,0.0,0.07692307692307693,19.658276923076922,3.9334,0
2024-08-06,29,129.13883900000002,4.453063413793104,0.0,0.27586206896551724,102.60835172413793,4.67,0
2024-08-07,1,0.0,0.0,0.0,0.0,2313.98597,156.0,0
2024-08-08,9,-40.712216999999995,-4.5235796666666666,0.0,0.0,48585.02089251111,271.35,0
2024-08-09,1,0.0,0.0,0.0,0.0,0.93414,0.93414,
2024-08-10,36,5396.546638,149.90407327777777,29.615628,0.9166666666666666,7.177104472222222,0.11560999999999999,0
2024-08-11,39,-64.41354100000007,-1.6516292564102582,0.0,0.15384615384615385,668.1017651282052,0.22685,0
2024-08-12,420,15965.933436,38.014127228571425,0.0,0.3619047619047619,-30589.775355230788,20.605,0
2024-08-13,23,212.08102,9.220913913043479,0.0,0.34782608695652173,203108.84856102697,1286.9,0
2024-08-14,25,2168.9015130000003,86.75606052,0.0,0.2,373571.58924496005,5334.0,0
2024-08-15,12,0.0,0.0,0.0,0.0,680674.15515,5334.0,0
2024-08-16,35,825.230544,23.578015542857145,0.0,0.08571428571428572,318257.5798848572,32.0,0
2024-08-17,30,-288.283113,-9.609437100000001,0.0,0.0,318914.1177235167,2595.0,0
2024-08-18,15,307.201888,20.480125866666665,8.270808,0.8,7.8977003686666665,0.7575,0
2024-08-19,8,339.69958299999996,42.462447874999995,14.0197665,0.625,0.3873825,0.151245,0
2024-08-20,12,192.602844,16.050237,0.0,0.08333333333333333,-366.36385,3.80545,0
2024-08-21,145,656.200925,4.525523620689655,0.0,0.3724137931034483,-1567.4541986206896,7.08,0
2024-08-23,10,1005.30527,100.53052699999999,0.0,0.3,-0.09547000000000025,1.3825500000000002,0
2024-08-24,7,0.0,0.0,0.0,0.0,-4.293645714285715,0.03131,1
2024-08-25,17,0.0,0.0,0.0,0.0,376559.33165235294,2.146,
2024-08-26,6,231.236918,38.539486333333336,0.0,0.3333333333333333,653.1993583333334,8.93955,1
2024-08-27,50,0.0,0.0,0.0,0.0,317026.9957868,32.0,
2024-08-28,9,1333.359645,148.15107166666667,0.0,0.2222222222222222,31.36288,0.19843,0
2024-08-29,1,0.0,0.0,0.0,0.0,0.0,0.1644,0
2024-08-30,6,256.464,42.744,0.0,0.16666666666666666,934.5630074,5.2063999999999995,0
2024-08-31,34,10.882801,0.3200823823529412,0.0,0.35294117647058826,2405.177706470588,100.0,0
2024-09-01,70,-826.349863,-11.804998042857143,0.0,0.2571428571428571,2899.006581142857,6.6815,0
2024-09-03,117,9949.501624,85.03847541880343,25.01825,0.8290598290598291,501601.2582051282,937.5,0
2024-09-04,3,0.0,0.0,0.0,0.0,-78.67283333333334,2.9087,0
2024-09-05,28,1147.595856,40.985566285714285,0.0,0.39285714285714285,13521.614478571428,1.84275,0
2024-09-06,17,0.0,0.0,0.0,0.0,575.0169294117647,37.0,0
2024-09-07,15,648.984412,43.265627466666665,37.164306,1.0,2204.8370366666663,43.0,0
2024-09-08,144,18082.071276,125.56993941666666,0.0,0.2986111111111111,11778.072933701389,136.0,0
2024-09-09,2,0.0,0.0,0.0,0.0,1021003.16055,174540.0,0
2024-09-10,14,396.06272,28.290194285714286,0.0,0.21428571428571427,0.8050550000000001,0.27824000000000004,0
2024-09-11,86,102.90894,1.196615581395349,0.0,0.22093023255813954,-22169.93237790698,522.0,0
2024-09-12,539,6310.967676,11.708659881261596,0.0,0.31910946196660483,15604.680434561353,27.9,0
2024-09-14,11,0.0,0.0,0.0,0.0,1290198.8531309091,5334.0,
2024-09-18,145,-878.684794,-6.059895131034483,-5.504981,0.0,116513.14479199999,32.0,
2024-09-19,19,0.0,0.0,0.0,0.0,1080310.357626316,5334.0,
2024-09-20,16,9585.03428,599.0646425,34.911835,0.5,-568.710596875,2.29755,
2024-09-21,23,36165.56933,1572.416057826087,1147.561968,1.0,24296.09565217391,1215.2,
2024-09-22,3,0.0,0.0,0.0,0.0,0.24225,0.09525,
2024-09-23,2,334.760796,167.380398,167.380398,0.5,0.23823,0.31675,
2024-09-24,10,0.0,0.0,0.0,0.0,1150150.757351,5153.5,
2024-09-25,9,0.0,0.0,0.0,0.0,-3160.3517722222223,0.19633,1
2024-09-26,8,439.812513,54.976564125,0.0,0.25,-7643.1171825,18.795,
2024-09-27,56,0.0,0.0,0.0,0.0,-18978.922995892855,15.875,1
2024-09-28,4,0.0,0.0,0.0,0.0,-26550.364999999998,1845.225,1
2024-09-30,106,2710.626288,25.571946113207545,0.0,0.04716981132075472,-30818.39715528302,35.78,1
2024-10-01,193,-1517.091342,-7.860576901554404,0.0,0.21243523316062177,138.77570626943006,0.75,
2024-10-03,42,2482.9272,59.117314285714286,2.505,0.6904761904761905,-2524.777380952381,32.0,0
2024-10-04,41,5207.443414,127.01081497560976,32.322,0.8780487804878049,-51.30644390243902,1.1693,0
2024-10-05,22,2101.741695,95.53371340909092,0.0,0.2727272727272727,-1.8795545454545455,1.71465,
2024-10-06,53,31.266804999999998,0.589939716981132,0.0,0.33962264150943394,-706.0936471698113,117.8,
2024-10-07,56,11977.734907,213.88812333928573,59.449220999999994,0.6785714285714286,-64.06493303571429,4.6759,
2024-10-08,88,0.0,0.0,0.0,0.0,115962.98122553182,80.0,
2024-10-09,3,-219.729659,-73.24321966666666,-37.697891,0.0,438476.7027666667,0.6312,
2024-10-10,16,0.0,0.0,0.0,0.0,4.391618125,0.35,0
2024-10-11,173,991.114334,5.728984589595376,0.0,0.2947976878612717,-31373.868432890173,85.0,0
2024-10-12,1596,39325.770231,24.640206911654136,0.787791,0.5870927318295739,29865.685533334276,33.35,
2024-10-13,10,0.0,0.0,0.0,0.0,0.313465,0.065315,
2024-10-14,5,1913.61958,382.72391600000003,43.747165,1.0,0.489938,0.02189,
2024-10-15,7,1170.2260760000001,167.17515371428573,11.821311,0.5714285714285714,0.2371414285714286,0.15281,1
2024-10-16,11,219.480876,19.95280690909091,0.0,0.2727272727272727,0.14958636363636366,0.08857,1
2024-10-17,9,36.11496,4.0127733333333335,0.0,0.1111111111111111,0.22342111111111113,0.14798,1
2024-10-18,6,333.219141,55.536523499999994,51.8558325,0.8333333333333334,0.7015033333333333,0.184695,1
2024-10-19,4,0.0,0.0,0.0,0.0,0.36507,0.3656,1
2024-10-20,96,389.155797,4.05370621875,0.0,0.11458333333333333,-9977.2101628125,170.89999999999998,1
2024-10-21,173,2464.915564,14.248066843930635,0.0,0.3930635838150289,-14255.178997398843,325.6,1
2024-10-22,3,0.0,0.0,0.0,0.0,2.5173066666666664,0.43851,1
2024-10-23,18,-46.489941,-2.5827745,0.0,0.0,7.122402777777777,0.390215,1
2024-10-25,30,13235.862071,441.19540236666666,61.1408675,0.7,-6745.406718666667,0.202965,1
2024-10-26,6,42471.99413,7078.6656883333335,8057.245408000001,1.0,-13628.766666666668,5715.98,
2024-10-27,4,666.6623079999999,166.66557699999998,30.289636,0.75,0.633035,0.258045,1
2024-10-28,13,167.28016200000002,12.867704769230771,0.0,0.3076923076923077,94020.66508846154,0.2,1
2024-10-29,53,801.170876,15.11643162264151,0.0,0.05660377358490566,-140.08964905660378,0.24218,1
2024-10-30,25,9.150023,0.36600091999999995,0.0,0.28,-4672.438332,486.2,1
2024-10-31,48,1214.043811,25.292579395833332,19.0994085,0.7083333333333334,-237.16660687499999,0.8107,1
2024-11-01,21,-164.08950099999998,-7.813785761904761,0.0,0.23809523809523808,58.549595714285715,2.48,1
2024-11-02,34,983.443176,28.924799294117648,0.0,0.20588235294117646,13413.987631470589,0.7902549999999999,1
2024-11-03,42,3588.179495,85.43284511904761,18.72521,0.9285714285714286,19350.09047619048,544.6,1
2024-11-04,16,389.743164,24.35894775,0.0,0.125,6.13406875,0.539,1
2024-11-05,9,251.604742,27.956082444444444,6.001646,1.0,9.522166666666667,0.5134,1
2024-11-06,123,4320.631811,35.12708789430894,0.0,0.13821138211382114,-664.4540700813008,8.0,1
2024-11-07,19,1876.812082,98.77958326315789,0.0,0.47368421052631576,14.223484210526316,2.8071,1
2024-11-08,24,847.7766200000001,35.32402583333334,0.0,0.16666666666666666,310418.394425,5251.5,1
2024-11-09,1,0.0,0.0,0.0,0.0,35870.82982,35870.82982,1
2024-11-10,26,8885.327477,341.74336450000004,232.8029795,0.6923076923076923,175.9861126923077,0.29125,1
2024-11-11,373,6749.630996,18.09552545844504,0.0,0.24664879356568364,-60029.76693967829,1.3913,1
2024-11-12,1221,319051.554217,261.30348420720725,2.259711,0.7125307125307125,37221.38219646437,16.29,1
2024-11-13,48,7846.402274,163.46671404166668,11.65871,0.5625,231.9112747916666,0.670245,1
2024-11-14,110,4563.509225,41.4864475,0.0,0.2545454545454545,540634.3717973636,2396.0,1
2024-11-15,149,4140.740438,27.790204281879195,0.0,0.3691275167785235,972.0838752348994,0.56671,1
2024-11-16,157,2769.521909,17.640266936305732,0.0,0.3057324840764331,3310.365004522293,60.0,1
2024-11-17,209,882.975285,4.224762129186603,0.0,0.23444976076555024,-905.9047267464115,5.4897,1
2024-11-18,346,4470.815187,12.921431176300578,0.0,0.3583815028901734,3999.561134710982,4.245,1
2024-11-19,305,2958.268991,9.699242593442623,0.0,0.4918032786885246,-2741.574901147541,5.5,1
2024-11-20,550,4210.0928969999995,7.654714358181818,0.0,0.3981818181818182,86029.09331743636,10.0,1
2024-11-21,535,1692.430891,3.1634222261682243,0.0,0.308411214953271,39084.98276,28.22,1
2024-11-22,679,-18105.345617,-26.664721085419732,0.0,0.3078055964653903,41031.52684836524,109.0,1
2024-11-23,363,2901.531638,7.993200104683195,0.0,0.3526170798898072,19301.342857052343,427.0,1
2024-11-24,172,945.550386,5.497385965116279,0.0,0.26744186046511625,28910.33215215116,221.05,1
2024-11-25,255,5523.740734,21.66172836862745,0.0,0.4117647058823529,28094.826063960783,13.2,1
2024-11-26,302,1094.809359,3.6251965529801327,0.0,0.2913907284768212,20370.962199271526,8.47,1
2024-11-27,213,-2654.495633,-12.462420812206572,0.0,0.3474178403755869,3585.834336760563,5.0,1
2024-11-28,332,-127075.39958499999,-382.75722766566264,0.0,0.32831325301204817,45.95090265060241,6.35,1
2024-11-29,393,176844.994152,449.98726247328244,0.0,0.48854961832061067,28663.940068078115,80.93,1
2024-11-30,373,37316.69352,100.04475474530831,0.0,0.42091152815013405,11483.757911642948,57.8,1
2024-12-01,7,-1925.519024,-275.0741462857143,0.0,0.0,0.3402285714285714,1.06704,1
2024-12-02,16,913.8817869999998,57.11761168749999,-26.696452,0.375,-32.87792375,0.49946500000000005,1
2024-12-03,8,3039.166,379.89575,16.76285,0.875,2253.35,830.9499999999999,1
2024-12-04,129,-592.6458390000001,-4.594153790697676,4.032548,0.5503875968992248,176264.67758759687,636.0,1
2024-12-05,23,0.0,0.0,0.0,0.0,21632.475469565215,10.0,1
2024-12-06,254,-21886.531493,-86.16744682283463,0.0,0.08267716535433071,-5238.130427874016,125.80000000000001,1
2024-12-07,19,1412.314654,74.33235021052631,0.0,0.47368421052631576,-2100.932873684211,5.5,1
2024-12-08,48,858.6705000000001,17.88896875,0.0,0.125,144534.02000633333,32.0,1
2024-12-10,10,541.55471,54.155471,20.7155355,0.7,-0.611799,0.21386,1
2024-12-11,171,3494.399394,20.435084175438597,0.0,0.19883040935672514,-8868.139725614035,9.1768,1
2024-12-12,1932,599151.795008,310.1199767122153,10.681751,0.6997929606625258,21366.19142231589,13.505,1
2024-12-13,1173,31935.901745,27.22583268968457,0.0,0.40153452685422,10060.93200647844,45.17,1
2024-12-14,1235,167801.399244,135.87157833522267,0.0,0.47368421052631576,6344.007520937555,36.83,1
2024-12-15,1697,97525.315279,57.4692488385386,0.0,0.24572775486152032,18001.48229920512,28.68,1
2024-12-16,1055,166774.344133,158.07994704549765,0.086172,0.5071090047393365,11516.508651782673,38.5,1
2024-12-17,1941,219591.305172,113.13307839876352,0.0,0.4363730036063885,10949.825591980783,36.36,1
2024-12-18,1429,13682.994673,9.575223703988803,0.0,0.36599020293911827,7088.470547001805,40.0,1
2024-12-19,3339,62744.004486000005,18.79125621024259,0.166937,0.6148547469302186,30845.93235520288,20.0,1
2024-12-20,2488,254969.660039,102.47976689670418,1.454962,0.5558681672025724,23985.258815348512,48.69,1
2024-12-21,1681,150022.163157,89.24578415050566,1.390236,0.5496728138013087,9350.125717465258,20.47,1
2024-12-22,774,352197.163973,455.03509557235145,0.0,0.4354005167958656,-7957.258054872223,36.505,1
2024-12-23,2347,-29430.626577,-12.53967898466127,0.0,0.2901576480613549,2151.2948376477034,22.66,1
2024-12-24,338,14813.780116,43.827751822485205,0.0,0.33727810650887574,-2077.187963506598,42.945,1
2024-12-25,208,756.6570469999998,3.637774264423076,0.0,0.30288461538461536,-1678.022463810673,57.35,1
2024-12-26,697,60228.639722,86.41124780774749,0.159494,0.5136298421807748,-563.3470711406457,24.23,1
2024-12-27,260,2672.811035,10.280042442307693,0.0,0.4230769230769231,-1123.533398654,53.57,1
2024-12-28,161,940.673623,5.842693310559007,0.0,0.22981366459627328,-2127.5074577062114,27.8,1
2024-12-29,201,2884.067927,14.348596651741294,0.0,0.31840796019900497,-49687.932827553734,55.3,1
2024-12-30,304,9009.738137,29.637296503289473,0.0,0.39473684210526316,781.5550532050987,50.0,1
2024-12-31,306,5445.01281,17.794159509803922,0.0,0.3006535947712418,270846.1009186264,18.755000000000003,1
2025-01-01,96,-9528.065345,-99.25068067708334,0.0,0.3020833333333333,3815.7647845532297,49.35,1
2025-01-02,634,32300.205017,50.946695610410096,1.763296,0.5962145110410094,-57592.00043543796,77.28,1
2025-01-03,174,10596.108968,60.897177977011495,0.0,0.4482758620689655,-19930.116304568794,13.594999999999999,1
2025-01-04,192,-2202.6622420000003,-11.472199177083334,0.0,0.4583333333333333,52900.14321609375,43.26,1
2025-01-05,1230,54536.829297000004,44.338885607317074,0.0,0.43089430894308944,6171.6686527601905,13.610199999999999,1
2025-01-13,408,9655.429352,23.66526801960784,0.0,0.3872549019607843,13266.204835453946,21.005000000000003,1
2025-01-14,275,16069.512355,58.43459038181818,0.0,0.49818181818181817,-12767.070177564,41.6,1
2025-01-15,267,14819.5883,55.50407602996255,0.0,0.4606741573033708,-2184.405678471348,67.8,1
2025-01-16,371,20807.709328,56.08546988679245,0.0,0.3423180592991914,-4195.309066581078,44.9,1
2025-01-17,238,7006.415608,29.43872104201681,0.515012,0.5294117647058824,11484.325316676555,196.45,1
2025-01-18,651,443.2330819999997,0.6808495883256523,0.0,0.38095238095238093,-958.7796469321049,25.0,1
2025-01-19,1567,87923.799302,56.10963580216975,0.0,0.20229738353541799,12182.967562635125,21.96,1
2025-01-20,1315,87277.239173,66.37052408593155,0.3825,0.5224334600760456,-268.22872697666924,61.03,1
2025-01-21,530,11077.839421,20.901583813207548,0.0,0.3867924528301887,-3605.329915559509,98.0,1
2025-01-22,832,20524.408057,24.66875968389423,0.0,0.28125,82367.71349383044,236.0,1
2025-01-23,1218,101256.24216,83.13320374384236,7.492465,0.6609195402298851,43714.65120619818,146.05,1
2025-01-24,874,10602.779738,12.131326931350113,0.5630105000000001,0.5583524027459954,9812.004177256578,75.0,1
2025-01-25,506,-10348.016255999999,-20.450625011857706,0.0,0.27865612648221344,3019.2628054796637,89.08,1
2025-01-26,451,40823.466668,90.51766445232816,0.0,0.43458980044345896,-34367.882652851215,780.0,1
2025-01-27,773,41331.765392,53.469295461837,0.0,0.4760672703751617,-8017.939862309043,138.97,1
2025-01-28,498,17979.613973,36.103642516064255,2.573011,0.6285140562248996,102625.50237051192,26.605,1
2025-01-29,910,23421.01147,25.737375241758244,0.0,0.4164835164835165,-143207.49034097412,638.0,1
2025-01-30,1067,23097.471385,21.64711470009372,0.0,0.3467666354264292,546.5581269507218,40.0,1
2025-01-31,1016,35868.296773,35.303441705708664,0.8434925,0.5413385826771654,-19743.580662809272,145.45999999999998,1
2025-02-01,361,8716.519087,24.145482235457067,0.0,0.45706371191135736,1845.9160559970912,83.8,1
2025-02-02,1319,162854.759623,123.46835452843062,0.0,0.35860500379075055,32228.723684552344,77.58,1
2025-02-03,532,66914.320708,125.77879832330827,0.0120845,0.5018796992481203,-1687.268554373064,14.62645,0
2025-02-04,1076,202212.740938,187.930056633829,28.665758500000003,0.8949814126394052,65193.18090953477,44.09,1
2025-02-13,1370,27829.534238,20.313528640875912,0.0,0.4678832116788321,208583.39203867564,50.0,
2025-02-14,1655,213860.675308,129.22095184773414,0.0,0.42900302114803623,-4089.6248543037764,10.76,
2025-02-15,932,45042.92701,48.32932082618026,0.0,0.4302575107296137,100524.9702752775,21.509999999999998,
2025-02-16,681,2369.478425,3.4794103157121876,0.0,0.44052863436123346,-648.8550162382232,13.52,
2025-02-17,941,1818.573295,1.9325964877789585,0.0,0.22422954303931988,5255.091474773709,20.0,
2025-02-18,1676,91204.672403,54.418062292959426,0.061069,0.5119331742243437,167530.0393657695,31.415,
2025-02-19,1361,14985.794701,11.010870463629685,0.0,0.4276267450404115,-709325.1306853136,25.69,0
2025-02-20,2012,46008.794102,22.867193887673956,0.0,0.47912524850894633,44293.74694461834,18.595,
2025-02-21,1873,119693.49395,63.904695114789114,0.109988,0.5221569674319274,8834.942127789374,23.28,1
2025-02-22,686,25278.704178,36.849423,0.0,0.4970845481049563,68904.24403798032,25.09,
2025-02-23,520,10656.934251,20.494104328846156,0.0,0.45,90605.86307271017,82.08,
2025-02-24,5616,38470.176242,6.850102607193732,0.0,0.39672364672364674,46043.488854809555,10.0,
2025-02-25,6246,204762.177034,32.782929400256165,0.0,0.260646813960935,115523.20679875519,34.44,0
2025-02-26,1176,63229.063129,53.76621014370748,1.4922360000000001,0.6709183673469388,29710.87086274725,65.4,0
2025-02-27,890,-36525.167517,-41.039514064044944,0.0,0.27752808988764044,6969.731789256921,32.68,0
2025-02-28,1019,225628.108748,221.4211077016683,0.0,0.3886162904808636,-2562.4155745596418,29.8,0
2025-03-01,508,6028.486793,11.867099986220472,0.0,0.27165354330708663,-44194.575434762584,65.65,0
2025-03-02,2380,348871.326269,146.58459086932774,0.0,0.4634453781512605,-1368.539400002248,21.345,0
2025-03-03,1482,616413.032233,415.9332201302294,9.005766,0.6153846153846154,3725.131215920789,12.91,0
2025-03-04,1748,-2365.961276,-1.353524757437071,0.0,0.2974828375286041,41712.621649588145,50.0,0
2025-03-13,962,14114.870873,14.672422944906446,0.0,0.4573804573804574,1671.1575873859667,41.23,
2025-03-14,2210,68646.160089,31.061610899999998,1.88254,0.8538461538461538,68485.0902535457,38.83,0
2025-03-15,261,78694.624572,301.51197154022987,0.650626,0.5938697318007663,-69533.88638961686,21.75,
2025-03-16,530,-7910.943544999999,-14.926308575471696,0.0,0.2320754716981132,-9724.362503649243,0.571925,0
2025-03-17,920,26163.906513,28.439028818478263,0.0,0.4532608695652174,-41812.401092958164,80.0,0
2025-03-18,834,72322.788824,86.71797221103118,0.0,0.22541966426858512,-78662.58034515587,85.86,0
2025-03-19,1612,29374.682341,18.222507655707197,0.0,0.4162531017369727,-67798.00416921388,34.875,0
2025-03-20,771,10246.859436,13.290349463035021,0.0,0.4085603112840467,-57748.6066063022,67.91,
2025-03-21,698,6951.270374,9.958840077363897,0.009684,0.5,53486.6109759273,35.685,0
2025-03-22,535,12498.535254,23.361748138317758,0.0,0.4747663551401869,-72672.90048836601,49.99,0
2025-03-23,447,14047.421585,31.425999071588368,0.0,0.32662192393736017,-68545.50591981914,48.3,0
2025-03-24,1027,107878.961301,105.04280555111977,1.5312,0.6153846153846154,-6660.759830623003,29.65,
2025-03-25,791,32030.90678,40.49419314791403,0.0,0.3615676359039191,51911.19232653842,46.23,
2025-03-26,3102,15802.167427,5.094186791424887,0.0,0.27111540941328177,19328.227667385112,48.355000000000004,
2025-03-27,785,58825.359221,74.9367633388535,0.0,0.33375796178343947,-165920.66129213662,100.19,0
2025-03-28,728,21337.179335,29.30931227335165,0.0,0.3173076923076923,-26088.644783638996,36.37,0
2025-03-29,1894,12098.872931,6.38800049155227,0.0,0.3558606124604013,32812.086572465436,39.37,0
2025-03-30,568,15795.11514,27.8083013028169,0.0,0.16549295774647887,80952.80987910887,40.44,0
2025-03-31,495,6978.184557,14.097342539393939,0.580795,0.5232323232323233,45872.21911434709,39.85,0
2025-04-01,371,2553.537968,6.882851665768194,0.0,0.20215633423180593,4665.506790250863,7.709,0
2025-04-02,2512,416876.88812,165.9541752070064,0.0,0.276671974522293,542.030125992922,19.155,0
2025-04-03,2402,182075.566585,75.80165136761032,0.0,0.25353871773522063,28300.551683134396,46.765,0
2025-04-04,1272,-25515.678949999998,-20.05949602987421,0.0,0.38757861635220126,-14360.770737124258,53.055,0
2025-04-13,1321,48696.021521,36.86299888039364,0.0,0.3618470855412566,-13086.931428194799,9.0,
2025-04-14,890,45680.443063,51.32634052022472,0.0,0.42247191011235957,691.4135638414809,9.129999999999999,0
2025-04-15,1131,72357.706282,63.976751796640144,0.621726,0.5720601237842617,-3807.9451535105877,0.05328,0
2025-04-16,1608,58631.730257,36.46251881654229,0.0,0.3401741293532338,-36576.09985207225,0.8777900000000001,0
2025-04-17,1031,5427.919886,5.264713759456837,0.0,0.30358874878758485,-181229.42418674577,36.09,0
2025-04-18,1894,4880.4047439999995,2.576771248152059,0.055965,0.5126715945089757,-3998.5284794163085,17.645,0
2025-04-19,2786,71950.577495,25.82576363783202,0.0,0.2921751615218952,-7493.207948589641,20.32,0
2025-04-20,1982,25060.341936,12.643966668012109,0.0,0.3985872855701312,-9656.210451790126,18.145000000000003,0
2025-04-21,1718,34369.267906999994,20.005394590803256,0.0,0.3940628637951106,-5905.780193133093,0.7280949999999999,0
2025-04-22,2998,58652.763578,19.563963835223483,0.0,0.2961974649766511,-439027.3783003858,100.0,
2025-04-23,6159,-419020.225731,-68.03380836678032,0.0,0.324728040266277,-1281062.8552172123,211.0,1
2025-04-24,2232,50704.395965,22.717023281810036,0.0,0.4135304659498208,-3907.39909151726,1.3,1
2025-04-25,1653,20218.859206,12.231614764670297,0.0,0.38596491228070173,5514.4397365923705,5.24,1
2025-04-26,1131,-4125.753942,-3.6478814694960215,0.0,0.1724137931034483,-75548.67075021712,8.3,1
2025-04-27,337,2702.067468,8.018004356083086,0.0,0.3560830860534125,18914.397380776274,61.34,1
2025-04-28,1379,36906.813759,26.763461754169686,0.0,0.4169688179840464,-1784.6852021277505,0.22242,
2025-04-29,2243,125749.613427,56.06313572313866,0.0,0.43201069995541685,-3675.1923457956777,12.87,1
2025-04-30,1113,14003.797269,12.582028094339623,0.0,0.26504941599281223,1509.6935954253568,7.9,1
2025-05-01,239,3187.719363,13.337737920502093,0.0,0.41841004184100417,-29295.64786985523,91.0,
2025-05-02,1297,56706.235562,43.721075992289904,0.0,0.3215111796453354,-2297.9337742639477,16.3,1
2025-05-03,1660,269328.365917,162.24600356445782,34.0166975,0.7584337349397591,72610.93333229316,70.0,
2025-05-04,360,35907.33771,99.74260475,1.814678,0.5805555555555556,39794.9718386973,34.565,
2025-06-01,573,6064.185393,10.583220581151831,0.0,0.15532286212914484,-88190.90943126338,195.0,
2025-06-02,1703,33803.799733,19.84955944392249,0.0,0.46095126247798,9598.631843850217,78.45,
2025-06-03,760,16101.125561,21.18569152763158,0.0,0.48026315789473684,4702.560156036381,34.19,
2025-06-04,1048,47053.449272,44.89832945801527,0.0,0.31679389312977096,-19077.37596638554,75.0,
2025-07-01,637,16098.227531,25.271942748822607,6.222816,0.7613814756671899,-46410.23458855573,400.0,
2025-07-02,1524,22450.002091,14.730972500656167,0.0,0.2821522309711286,436951.272429021,35.35,
2025-07-03,2552,150236.061627,58.86993010462382,0.231811,0.5223354231974922,23379.432478604147,50.0,
2025-07-04,2814,34527.370305,12.269854408315563,0.0,0.23916133617626156,-46141.24134241459,164.26999999999998,
2025-08-01,1039,130117.090554,125.23300342059672,0.0,0.37151106833493747,12941.877589278181,44.3,
2025-08-02,575,586.703253,1.0203534834782608,0.0,0.19130434782608696,3837.630819030435,20.0,
2025-08-03,529,24700.773359,46.69333338185255,4.088704,0.5689981096408318,-29602.15636373885,39.01,
2025-08-04,943,34899.394798,37.00890222481442,0.0,0.4093319194061506,11421.168538783626,14.2,
2025-09-01,522,46975.928902,89.99220096168582,0.0,0.2777777777777778,6502.6338274800955,42.825,
2025-09-02,764,150551.829492,197.05736844502616,0.0,0.4306282722513089,-25769.211658621727,30.0,
2025-09-03,1422,19773.457395,13.905384947257385,0.0,0.4409282700421941,1220.191333293453,33.035,
2025-09-04,3967,43120.444797,10.86978694151752,0.0,0.43055205444920597,-22505.401344465085,1.0,
2025-10-01,819,-10116.875552,-12.352717401709402,0.63832,0.5274725274725275,25294.663476374968,28.18,
2025-10-02,889,63908.49465,71.88807047244094,0.0,0.4780652418447694,73693.97319057019,17.49,
2025-10-03,2911,-10010.027269999999,-3.438690233596702,0.0,0.39745791824115423,16512.489976984536,40.33,
2025-10-04,2127,158261.822261,74.40612236060178,0.05977,0.5289139633286318,-27401.202541386545,1.16736,
2025-11-01,283,2269.080536,8.017952424028268,0.0,0.24381625441696114,145.52115739194346,5.04,
2025-11-02,848,-6093.784817,-7.186067001179245,0.0,0.21816037735849056,49751.5536744617,75.515,
2025-11-03,3286,-76880.729036,-23.3964482763238,0.0,0.18746195982958003,-36398.23861437603,38.34,
2025-11-04,1096,126406.479081,115.33437872354014,0.0,0.3357664233576642,-132160.47989441478,15.485,
2025-12-01,602,5742.241803,9.538607646179402,0.72332,0.7840531561461794,183630.51251568587,259.35,
2025-12-02,1031,19848.635032,19.251828353055284,0.0,0.4626576139670223,26762.36430873385,21.58,
2025-12-03,3968,288105.984215,72.60735489289314,1.6060059999999998,0.5645161290322581,99070.3760981823,45.275000000000006,
2025-12-04,2109,410419.694533,194.60393292223802,0.0,0.2721669037458511,-5399.21872606971,0.33604,
